Wall time,Step,Value
1710879012.608514,1,309.30694580078125
