Wall time,Step,Value
1710881228.4116583,1,317.2307434082031
1710881262.7860444,2,268.6265563964844
