Wall time,Step,Value
1710784735.2527018,2,322.00628662109375
1710784767.082319,4,318.29730224609375
1710784800.0424838,8,313.33740234375
1710784835.3465803,16,204.58990478515625
