Wall time,Step,Value
1710900006.4989328,4,326.07586669921875
1710900034.7292218,16,318.8066101074219
1710900060.8233495,32,309.4476623535156
1710900090.2922795,64,174.16819763183594
