Wall time,Step,Value
1710947050.7127,4,323.92059326171875
1710947078.1320636,32,315.85321044921875
1710947104.0701394,64,312.3783874511719
1710947136.8735495,128,202.01295471191406
