Wall time,Step,Value
1710886097.671785,1,209.544921875
1710886106.636222,4,208.7763671875
1710886116.856289,8,208.4743194580078
1710886126.3781295,32,139.65602111816406
