Wall time,Step,Value
1710884848.3090184,2,207.42861938476562
1710884879.7395914,16,183.26321411132812
1710884912.2628584,32,220.2808837890625
