Wall time,Step,Value
1710896591.8052423,4,324.1728210449219
1710896599.3436472,64,317.38330078125
1710896606.867981,128,307.1893005371094
1710896614.909739,256,150.73390197753906
