Wall time,Step,Value
1711043396.3020108,64,175.65911865234375
