Wall time,Step,Value
1710891985.5189438,4,211.53701782226562
1710892011.5594854,8,209.91000366210938
1710892035.7958572,16,205.28384399414062
1710892043.600286,64,275.67724609375
