Wall time,Step,Value
1710879989.155198,1,318.6063232421875
1710880020.529749,2,316.4453125
1710880055.2296813,4,267.9255676269531
