Wall time,Step,Value
1710789300.9798799,4,203.45005798339844
1710789337.2989945,64,200.9868621826172
1710789357.8245146,128,198.08099365234375
1710789375.6973915,512,195.11058044433594
