Wall time,Step,Value
1710794458.2450447,1,210.02883911132812
1710794490.0561109,2,217.5137481689453
1710794518.2098653,4,227.5244903564453
