Wall time,Step,Value
1710789869.3418982,4,204.71824645996094
1710789903.1149936,64,200.12901306152344
1710789938.5353644,128,179.0319061279297
1710789970.2865958,256,223.56092834472656
