Wall time,Step,Value
1710899861.9289925,4,206.8857421875
1710899877.3507447,64,206.1315155029297
1710899906.4325078,128,202.63400268554688
1710899931.492855,512,183.51239013671875
