Wall time,Step,Value
1710898341.35577,1,318.5073547363281
1710898353.882557,2,281.5574645996094
