Wall time,Step,Value
1710885107.658769,1,467.4417724609375
