Wall time,Step,Value
1710888868.8915236,4,324.3294677734375
1710888877.0333211,16,321.97369384765625
1710888887.2773438,32,314.7053527832031
1710888903.0583515,128,215.4034881591797
