Wall time,Step,Value
1710897207.5506284,4,326.1604919433594
1710897220.8867357,16,319.2626037597656
1710897246.0817592,32,309.9914855957031
1710897277.1118867,64,175.0802764892578
