Wall time,Step,Value
1711039954.6131015,128,157.52049255371094
