Wall time,Step,Value
1710790729.1598575,4,208.72219848632812
1710790745.7019103,8,205.35098266601562
1710790761.9705625,16,184.9500732421875
1710790788.598115,32,253.96322631835938
