Wall time,Step,Value
1710900495.7612734,2,322.57366943359375
1710900531.5988698,4,316.2259521484375
1710900544.8453581,8,307.6230773925781
1710900559.0234015,16,184.5638885498047
