Wall time,Step,Value
1711040417.401692,4,227.0651397705078
