Wall time,Step,Value
1710764382.3524952,16,366.5469055175781
1710764417.315189,32,354.9608154296875
1710764448.3902562,128,238.01361083984375
