Wall time,Step,Value
1710900803.40012,4,205.85128784179688
1710900843.7541785,32,201.32130432128906
1710900885.8324223,64,188.73898315429688
1710900927.9868426,128,184.81761169433594
