Wall time,Step,Value
1710901106.590981,4,203.0984649658203
1710901145.5198462,16,203.29046630859375
1710901163.4882863,32,189.8260040283203
1710901182.6722846,64,191.9270782470703
