Wall time,Step,Value
1710880433.464403,1,322.03265380859375
1710880464.2651815,4,320.9063720703125
1710880500.2022965,8,316.1117858886719
1710880540.258727,32,187.26318359375
