Wall time,Step,Value
1710947545.0329337,4,322.105712890625
1710947572.2703586,8,316.2890319824219
1710947601.1193457,16,312.9690856933594
1710947631.10989,32,289.1737976074219
