Wall time,Step,Value
1710890595.5438857,4,208.8477325439453
1710890625.6154847,64,207.23675537109375
1710890651.6487157,128,202.62075805664062
1710890672.9072556,512,210.06851196289062
