Wall time,Step,Value
1710951078.0139909,1,213.2771453857422
1710951099.225321,2,213.99374389648438
1710951119.8438706,4,211.44888305664062
1710951142.9470615,8,298.3191223144531
