Wall time,Step,Value
1710889367.1900592,1,316.1921691894531
