Wall time,Step,Value
1710791566.823452,1,217.5322723388672
