Wall time,Step,Value
1710790239.2808251,4,208.724609375
1710790271.340219,32,203.8314208984375
1710790304.0270858,64,182.3903045654297
1710790335.1365938,128,239.14480590820312
