Wall time,Step,Value
1711043902.5058215,16,230.41122436523438
