Wall time,Step,Value
1710900287.6832533,4,325.3466491699219
1710900315.0073295,8,321.005859375
1710900344.9896758,16,311.6974792480469
1710900374.9771233,32,183.64967346191406
