Wall time,Step,Value
1710885903.1931403,1,213.2155303955078
1710885914.941236,2,297.5754699707031
