Wall time,Step,Value
1710884367.7136474,4,207.735107421875
1710884381.5908408,32,206.1891326904297
1710884398.0618303,128,179.4239959716797
1710884414.1106377,256,214.50100708007812
