Wall time,Step,Value
1710882824.83013,1,495.588623046875
