Wall time,Step,Value
1710790518.3895993,4,208.33819580078125
1710790549.010723,16,200.97113037109375
1710790578.5095994,32,183.41563415527344
1710790608.0058858,64,256.50048828125
