Wall time,Step,Value
1710793659.5214255,1,216.2261505126953
1710793690.8754704,2,229.12266540527344
