Wall time,Step,Value
1710886342.8527293,1,203.8986358642578
1710886351.936342,2,205.56405639648438
1710886361.1129308,4,211.52713012695312
1710886370.4458632,8,275.3119812011719
