Wall time,Step,Value
1710892155.7537975,1,205.78860473632812
1710892168.8666542,4,205.41136169433594
1710892185.0903091,8,202.54405212402344
1710892214.879527,32,280.31072998046875
