Wall time,Step,Value
1710903943.777435,1,197.53045654296875
1710903952.4546025,2,204.02230834960938
1710903960.223315,4,231.98297119140625
