Wall time,Step,Value
1710790900.9036932,2,209.6293487548828
1710790940.7659736,4,207.31491088867188
1710790985.0614307,8,193.29051208496094
1710791027.7901566,16,247.85731506347656
