Wall time,Step,Value
1710782273.832387,4,323.33056640625
1710782314.2555313,32,313.03155517578125
1710782354.166359,64,310.7895202636719
1710782404.9616199,128,225.48402404785156
