Wall time,Step,Value
1710885982.3297231,1,468.7589416503906
