Wall time,Step,Value
1710947742.8169196,2,321.9408874511719
1710947771.0406845,4,316.2689514160156
1710947797.3878055,8,315.5066833496094
1710947825.4507966,16,266.5762634277344
