Wall time,Step,Value
1710950437.663973,4,201.35678100585938
1710950467.257515,16,199.0255126953125
1710950502.4781165,32,176.74949645996094
1710950533.1550753,64,245.08445739746094
