Wall time,Step,Value
1710792061.050542,4,206.10006713867188
1710792095.0055377,64,203.02987670898438
1710792131.9586427,128,183.03358459472656
1710792172.7534003,256,149.18336486816406
