Wall time,Step,Value
1710875928.294607,4,323.4232177734375
1710875946.4283564,16,317.1899719238281
1710875977.040258,64,164.41163635253906
