Wall time,Step,Value
1710876262.9227402,1,318.7886047363281
1710876292.4342842,2,319.3794860839844
1710876324.9588418,4,257.86895751953125
