Wall time,Step,Value
1710876416.6417124,1,301.3284606933594
