Wall time,Step,Value
1710791459.4373744,1,215.46400451660156
1710791489.908384,2,311.8762512207031
