Wall time,Step,Value
1710892294.5089521,1,282.1660461425781
