Wall time,Step,Value
1710896927.6466627,4,324.4796142578125
1710896935.1966603,32,319.20440673828125
1710896948.2054253,64,309.4263916015625
1710896956.3409126,128,155.66574096679688
