Wall time,Step,Value
1710895965.5893664,4,324.7914733886719
1710895993.1985648,64,322.5092468261719
1710896016.5007775,128,318.5439758300781
1710896033.333971,512,151.64410400390625
