Wall time,Step,Value
1710785650.5739791,1,318.38800048828125
1710785679.0348835,2,263.2051696777344
