Wall time,Step,Value
1710947931.7877867,1,320.439453125
1710947958.3230994,2,314.404052734375
1710947986.016513,4,315.0504455566406
1710948015.7142901,8,292.3274841308594
