Wall time,Step,Value
1710785850.7060719,4,326.13861083984375
1710785894.1541061,16,318.21075439453125
1710785943.1696937,32,310.56396484375
1710785982.5185375,64,164.68212890625
