Wall time,Step,Value
1710882716.293149,1,208.07420349121094
1710882728.8813405,2,209.17892456054688
1710882749.011197,4,282.6449279785156
