Wall time,Step,Value
1710898269.9880097,4,325.0984191894531
1710898282.8039393,64,324.7123718261719
1710898297.304665,128,321.9721984863281
1710898325.5991688,512,153.55125427246094
