Wall time,Step,Value
1710886222.976011,1,211.2297821044922
1710886231.7617202,4,210.65359497070312
1710886241.0750904,8,209.1133270263672
1710886250.6145692,16,206.14707946777344
