Wall time,Step,Value
1710784913.4117203,1,317.1672668457031
1710784944.9143295,2,317.89990234375
1710784977.021673,4,265.6455078125
