Wall time,Step,Value
1710951356.1537817,1,210.46826171875
1710951381.2459807,2,310.8096618652344
