Wall time,Step,Value
1710782581.9927795,4,324.997314453125
1710782624.3853714,16,316.4438171386719
1710782661.655118,32,311.6898193359375
1710782702.089578,64,288.6723327636719
