Wall time,Step,Value
1710949764.1096113,4,203.82781982421875
1710949802.0754607,64,198.70156860351562
1710949836.5123096,128,177.6173858642578
1710949869.9115613,256,203.7105255126953
