Wall time,Step,Value
1710902370.105035,1,428.2605895996094
