Wall time,Step,Value
1711039603.5055654,16,187.25621032714844
