Wall time,Step,Value
1711040726.8361707,4,224.6724395751953
