Wall time,Step,Value
1710901886.4579606,1,207.6061553955078
1710901916.0099504,2,209.2755126953125
1710901943.7567923,4,217.6334228515625
1710901970.7468927,8,282.67181396484375
