Wall time,Step,Value
1710904146.3177888,1,429.658447265625
