Wall time,Step,Value
1710897529.974276,4,322.6205749511719
1710897559.5369968,8,316.470458984375
1710897589.8911912,16,308.17327880859375
1710897619.6144598,32,187.87863159179688
