Wall time,Step,Value
1710948260.656348,1,317.2239685058594
1710948290.580264,2,293.5818176269531
