Wall time,Step,Value
1710950885.1645348,2,209.85182189941406
1710950918.2240245,4,208.00672912597656
1710950950.5251653,8,193.185791015625
1710950979.9007466,16,242.92437744140625
