Wall time,Step,Value
1710877308.9579906,4,326.37078857421875
1710877342.5889013,32,325.59637451171875
1710877374.0369318,256,311.3176574707031
1710877406.5459616,512,152.7296142578125
