Wall time,Step,Value
1710902780.8119848,4,209.47169494628906
1710902792.3763838,64,205.13661193847656
1710902801.5426474,128,187.66026306152344
1710902811.7190917,256,175.95823669433594
