Wall time,Step,Value
1711040631.8945768,1,309.8468933105469
