Wall time,Step,Value
1710784564.5528164,4,324.8658142089844
1710784583.2910588,16,317.3109436035156
1710784599.5891755,32,310.94464111328125
1710784632.4549935,64,178.36561584472656
