Wall time,Step,Value
1710902160.791346,4,204.54161071777344
1710902180.6586113,64,203.36956787109375
1710902212.6448336,128,202.33306884765625
1710902258.623419,512,176.28054809570312
