Wall time,Step,Value
1710876092.4704478,2,320.6089782714844
1710876124.7861366,4,317.4591979980469
1710876160.195601,16,198.20672607421875
