Wall time,Step,Value
1710883854.7649755,4,209.25013732910156
1710883896.5167649,32,209.57156372070312
1710883930.4007416,256,180.9296875
1710883961.7485266,512,199.53004455566406
