Wall time,Step,Value
1710785503.9569106,2,323.5263366699219
1710785534.200239,4,317.6958312988281
1710785564.1401572,8,312.12823486328125
1710785595.0635376,16,189.1602020263672
