Wall time,Step,Value
1710948374.4084997,1,342.3065185546875
