Wall time,Step,Value
1710879316.0034375,4,324.1250305175781
1710879357.9666066,16,322.49224853515625
1710879404.9968655,32,316.1720275878906
1710879454.0284011,128,153.07742309570312
