Wall time,Step,Value
1711043809.155271,128,171.760498046875
