Wall time,Step,Value
1710793865.08681,4,205.88575744628906
1710793898.9990437,16,203.70895385742188
1710793925.1595807,32,184.56954956054688
1710793942.179971,64,102.96992492675781
