Wall time,Step,Value
1710880154.6472812,1,315.76397705078125
1710880187.1408455,2,270.26556396484375
