Wall time,Step,Value
1710886549.4500554,1,209.55050659179688
1710886568.553931,2,283.67315673828125
