Wall time,Step,Value
1710900854.3227546,1,323.2085876464844
1710900893.6152146,2,317.0372619628906
1710900931.3238456,4,227.40151977539062
