Wall time,Step,Value
1710884662.6593604,4,206.26315307617188
1710884681.4234114,16,204.45816040039062
1710884697.4507835,32,200.17364501953125
1710884708.7329283,128,222.86111450195312
