Wall time,Step,Value
1710879816.7871103,1,321.4575500488281
1710879850.4983957,4,317.03424072265625
1710879884.775584,8,225.94174194335938
