Wall time,Step,Value
1710885798.6049886,1,211.20925903320312
1710885809.8145235,2,215.09402465820312
1710885832.3305001,4,289.5878601074219
