Wall time,Step,Value
1711044405.2020314,1,434.3464050292969
