Wall time,Step,Value
1710903697.2662597,2,215.4536895751953
1710903711.0408912,4,217.74456787109375
1710903725.380936,8,220.52232360839844
1710903735.6564262,16,231.75062561035156
