Wall time,Step,Value
1710951460.6136434,1,212.51185607910156
