Wall time,Step,Value
1710783795.3038044,1,341.8717041015625
