Wall time,Step,Value
1710889216.8542316,1,324.4882507324219
1710889240.3620768,4,322.5083923339844
1710889268.263827,8,314.9063415527344
1710889302.1144013,32,273.7005310058594
