Wall time,Step,Value
1710792369.6447012,4,205.7601318359375
1710792414.963592,16,202.66665649414062
1710792454.5200653,32,188.0574951171875
1710792494.4685,64,110.3606185913086
