Wall time,Step,Value
1710879610.7600281,1,322.7982177734375
1710879652.6270556,4,320.49462890625
1710879690.6630645,8,317.0248718261719
1710879708.0112784,32,192.5140380859375
