Wall time,Step,Value
1710786532.4740193,1,319.9485778808594
1710786572.6850553,2,314.5826416015625
1710786604.9641554,4,221.28709411621094
