Wall time,Step,Value
1710786451.2796392,1,302.9755554199219
