Wall time,Step,Value
1710901133.9667435,1,309.26617431640625
