Wall time,Step,Value
1710785044.320414,1,300.09820556640625
