Wall time,Step,Value
1710902088.621825,1,208.24667358398438
1710902115.8372793,2,218.1885986328125
1710902146.08906,4,260.352783203125
