Wall time,Step,Value
1711040061.5921729,16,186.68997192382812
