Wall time,Step,Value
1710888085.8453465,4,322.9194030761719
1710888095.0916111,64,321.8570251464844
1710888109.582621,128,318.0717468261719
1710888122.4563994,512,148.7534637451172
