Wall time,Step,Value
1710882429.9212542,4,211.628173828125
1710882441.341971,16,207.72898864746094
1710882458.1660528,64,100.75894165039062
