Wall time,Step,Value
1711040147.7376282,2,283.31903076171875
