Wall time,Step,Value
1710786279.32947,4,324.09033203125
1710786309.995359,8,319.7975769042969
1710786345.2603328,16,309.96978759765625
1710786378.9940467,32,183.82420349121094
