Wall time,Step,Value
1711111282.506957,1,441.89532470703125
