Wall time,Step,Value
1710950675.289037,4,204.95556640625
1710950706.2180052,8,202.5142364501953
1710950739.8259761,16,183.6206512451172
1710950774.5715947,32,241.131103515625
