Wall time,Step,Value
1710885583.7595625,1,204.90066528320312
1710885592.814355,4,203.1051025390625
1710885600.7999659,8,201.80751037597656
1710885612.9340131,32,111.04127502441406
