Wall time,Step,Value
1710878626.955233,2,321.5040588378906
1710878669.897068,16,309.6474304199219
1710878710.9865394,32,287.3857727050781
