Wall time,Step,Value
1710903353.6521125,4,207.3031005859375
1710903364.3019338,16,207.6129150390625
1710903378.359987,32,194.57452392578125
1710903396.4793322,64,184.1556854248047
