Wall time,Step,Value
1710897775.084597,2,322.6875305175781
1710897803.509325,4,318.9770812988281
1710897830.9140773,8,310.0957336425781
1710897863.25833,16,182.4532470703125
