Wall time,Step,Value
1710875660.6320891,4,323.6377258300781
1710875693.53549,32,321.42864990234375
1710875729.3794677,128,310.0511169433594
1710875767.2914474,256,154.17889404296875
