Wall time,Step,Value
1710903559.485566,4,204.39407348632812
1710903580.312921,8,204.49432373046875
1710903590.1814187,16,201.1084747314453
1710903598.7337918,32,199.5628204345703
