Wall time,Step,Value
1710903830.6297638,1,208.75428771972656
1710903848.1628745,2,210.4735107421875
1710903860.9649382,4,218.60951232910156
1710903868.8617282,8,270.9958801269531
