Wall time,Step,Value
1710902255.4220085,1,218.47329711914062
1710902279.5575676,2,235.52249145507812
