Wall time,Step,Value
1711044124.5878038,64,177.2147674560547
