Wall time,Step,Value
1710898194.5577974,1,321.356689453125
1710898223.8715506,2,317.9074401855469
1710898258.737467,4,230.58384704589844
