Wall time,Step,Value
1710888525.8617692,4,325.22589111328125
1710888535.8508086,32,322.8606262207031
1710888547.7282412,128,310.8170166015625
1710888556.1173394,256,162.723388671875
