Wall time,Step,Value
1710903142.9178004,4,203.09828186035156
1710903163.215728,32,199.4878692626953
1710903173.7999794,64,185.3177032470703
1710903192.8337455,128,180.0624237060547
