Wall time,Step,Value
1710901017.2953813,1,319.117919921875
1710901045.6714118,2,283.1691589355469
