Wall time,Step,Value
1710793253.4695303,4,210.1415252685547
1710793293.7290924,32,205.0596466064453
1710793332.184981,64,186.30398559570312
1710793376.414335,128,96.26278686523438
