Wall time,Step,Value
1711043975.128035,2,232.49551391601562
