Wall time,Step,Value
1710885000.853452,2,209.41761779785156
1710885012.906757,4,204.36878967285156
1710885023.182861,8,291.74005126953125
