Wall time,Step,Value
1710782860.8326383,4,321.950439453125
1710782902.5900776,8,315.0136413574219
1710782943.0684285,16,312.4498291015625
1710782987.6809232,32,286.87994384765625
