Wall time,Step,Value
1710794208.7474606,4,206.24569702148438
1710794242.054467,8,205.5365753173828
1710794273.5116844,16,192.82669067382812
1710794307.6141326,32,145.26158142089844
