Wall time,Step,Value
1711040546.189116,32,186.10723876953125
