Wall time,Step,Value
1710899752.0067751,4,326.2115173339844
1710899777.5008588,32,320.1807556152344
1710899804.6176257,64,311.71282958984375
1710899833.6089044,128,151.145263671875
