Wall time,Step,Value
1710889076.5073678,4,325.9425354003906
1710889085.3860977,8,322.1271667480469
1710889094.90056,16,316.8828430175781
1710889103.317942,64,275.6686706542969
