Wall time,Step,Value
1710898434.5225248,1,312.61285400390625
