Wall time,Step,Value
1711044322.8523219,32,191.25672912597656
