Wall time,Step,Value
1710792965.0721047,1,503.83111572265625
