Wall time,Step,Value
1710880283.7955933,1,308.3141784667969
