Wall time,Step,Value
1710947318.4665542,4,323.765380859375
1710947347.6664631,16,315.716064453125
1710947376.3143156,32,312.3789367675781
1710947406.7817256,64,273.38238525390625
