Wall time,Step,Value
1710783311.2603707,1,320.9071350097656
1710783351.2221212,2,317.25042724609375
1710783396.6225107,4,317.1810607910156
1710783438.7612715,8,296.94122314453125
