Wall time,Step,Value
1710785309.7245338,4,325.61212158203125
1710785343.805807,32,317.26654052734375
1710785373.375005,64,312.6136474609375
1710785404.9073298,128,149.6214141845703
