Wall time,Step,Value
1710786074.5825841,1,318.8515930175781
1710786108.816731,2,317.7459716796875
1710786152.392944,4,241.17959594726562
