Wall time,Step,Value
1710899152.5316334,4,323.61480712890625
1710899182.7353494,64,317.0550537109375
1710899215.7555218,128,307.870849609375
1710899250.637117,256,146.2172088623047
