Wall time,Step,Value
1710881356.0860882,1,309.31866455078125
