Wall time,Step,Value
1711040322.72823,64,172.8561248779297
