Wall time,Step,Value
1710783089.174874,2,322.0784606933594
1710783129.6964293,4,318.794921875
1710783167.299904,8,315.99530029296875
1710783208.4442375,16,269.20867919921875
