Wall time,Step,Value
1711039493.0754325,64,172.225341796875
