Wall time,Step,Value
1710794378.9134858,1,531.193359375
