Wall time,Step,Value
1710904044.6659849,1,214.58099365234375
1710904075.6915164,2,229.35581970214844
