Wall time,Step,Value
1710792810.486923,1,211.52210998535156
1710792850.012829,2,212.6333770751953
1710792891.135071,4,264.8407897949219
