Wall time,Step,Value
1710885698.7682266,1,205.3868408203125
1710885707.2949874,4,206.41632080078125
1710885716.0017276,8,198.883544921875
