Wall time,Step,Value
1711043493.0648258,16,230.06199645996094
