Wall time,Step,Value
1710950147.7070968,4,206.6395263671875
1710950180.001863,32,201.10845947265625
1710950215.1351478,64,180.61712646484375
1710950249.977589,128,225.52752685546875
