Wall time,Step,Value
1710885379.6745105,4,210.69627380371094
1710885410.561013,16,210.79409790039062
1710885441.443105,32,206.05136108398438
1710885464.8627303,128,99.36308288574219
