Wall time,Step,Value
1710886453.0447788,1,209.0118408203125
1710886462.8260176,2,216.69332885742188
1710886472.3253872,4,337.96453857421875
