Wall time,Step,Value
1710878832.605718,2,316.3860778808594
1710878872.733401,4,315.250244140625
1710878920.7054222,8,279.693115234375
