Wall time,Step,Value
1710783519.735342,1,315.1968078613281
1710783562.5033052,2,317.13531494140625
1710783602.059328,4,296.566650390625
