Wall time,Step,Value
1710900672.833436,1,322.562744140625
1710900700.737387,2,317.0593566894531
1710900727.629006,4,311.9989318847656
1710900754.6468332,8,190.3399200439453
