Wall time,Step,Value
1711039320.5047145,256,150.2145233154297
