Wall time,Step,Value
1710881052.7419474,1,320.61285400390625
1710881083.44211,2,318.4446105957031
1710881121.980964,4,250.7993927001953
