Wall time,Step,Value
1711111129.0566888,1,309.26513671875
