Wall time,Step,Value
1711044200.906396,4,237.85494995117188
