Wall time,Step,Value
1711044512.7696404,4,240.20639038085938
