Wall time,Step,Value
1710877889.313668,4,325.4181213378906
1710877923.0455053,32,323.5307312011719
1710877965.7602375,128,312.46466064453125
1710878034.5729408,256,169.14450073242188
