Wall time,Step,Value
1710791128.663718,1,213.52252197265625
1710791169.4720857,2,215.55154418945312
1710791210.3501308,4,211.39614868164062
1710791248.8550634,8,297.91412353515625
