Wall time,Step,Value
1710781888.1766994,4,323.849853515625
1710781928.6355193,64,315.055419921875
1710781968.5521178,128,312.3814392089844
1710782008.620548,256,170.69129943847656
