Wall time,Step,Value
1710784297.087682,4,326.19171142578125
1710784326.7642279,64,317.8503723144531
1710784359.4079232,128,311.527587890625
1710784396.3440347,256,149.61924743652344
