Wall time,Step,Value
1710891750.95487,4,203.9829559326172
1710891770.0551138,16,200.7249755859375
1710891794.473054,32,199.71798706054688
1710891813.0857265,128,270.5043029785156
