Wall time,Step,Value
1710878342.9675016,4,322.6341857910156
1710878383.994344,16,321.5757141113281
1710878419.7090123,32,317.6705322265625
1710878473.021555,128,229.55972290039062
