Wall time,Step,Value
1710783683.2048728,1,315.7856750488281
1710783726.3720787,2,292.4786376953125
