Wall time,Step,Value
1710793477.6969216,2,203.20265197753906
1710793513.5989194,4,201.7233123779297
1710793545.8542936,8,193.7835693359375
1710793580.4319065,16,128.92698669433594
