Wall time,Step,Value
1710880836.5055187,1,323.50457763671875
1710880876.466811,2,318.8854064941406
1710880912.4739707,4,314.3433837890625
1710880948.0340626,8,205.43698120117188
