Wall time,Step,Value
1710949201.7019317,4,203.64736938476562
1710949236.0778997,64,203.53634643554688
1710949267.9557545,128,198.9283905029297
1710949302.8998632,512,191.24981689453125
