Wall time,Step,Value
1711111057.8642173,4,224.38339233398438
