Wall time,Step,Value
1710897984.8081703,1,322.64215087890625
1710898010.969763,2,318.729248046875
1710898042.295109,4,312.2912292480469
1710898072.6901588,8,192.95872497558594
