Wall time,Step,Value
1711043239.4976082,256,175.67782592773438
