Wall time,Step,Value
1710901378.1780744,4,206.9621124267578
1710901407.2685199,8,207.39910888671875
1710901436.262085,16,204.6077423095703
1710901464.4422529,32,211.89517211914062
