Wall time,Step,Value
1710900422.8754673,4,205.67840576171875
1710900448.8139405,64,202.23919677734375
1710900489.2789273,128,185.44403076171875
1710900524.9659584,256,185.84579467773438
