Wall time,Step,Value
1710951227.1468632,1,206.7352294921875
1710951250.6743264,2,212.3854217529297
1710951273.6173985,4,321.5510559082031
