Wall time,Step,Value
1710946694.2870128,4,324.1055603027344
1710946721.4429998,64,314.1296691894531
1710946747.7526116,128,309.2569580078125
1710946777.1102223,256,151.56393432617188
