Wall time,Step,Value
1710882564.8235457,2,208.3719482421875
1710882590.4443216,4,207.5009307861328
1710882619.0662208,16,161.267333984375
