Wall time,Step,Value
1710891343.9285336,4,209.2365264892578
1710891374.7758183,32,206.5629119873047
1710891405.6888723,128,182.29763793945312
1710891436.4960713,256,250.05929565429688
