Wall time,Step,Value
1710792605.4355717,2,205.08094787597656
1710792646.3434076,4,204.3909454345703
1710792685.4019518,8,195.90560913085938
1710792719.7786224,16,148.48077392578125
