Wall time,Step,Value
1710880657.994195,1,325.5399169921875
1710880688.3912542,4,316.8255310058594
1710880705.8614314,8,310.4127197265625
1710880720.713325,16,185.4543914794922
