Wall time,Step,Value
1710794023.6696913,1,212.28036499023438
1710794055.293002,2,214.96026611328125
1710794083.7644653,4,236.7191619873047
