Wall time,Step,Value
1710791329.0091863,1,208.90774536132812
1710791353.5524566,2,216.04537963867188
1710791382.474615,4,323.6844482421875
