Wall time,Step,Value
1710886638.526678,1,463.6773681640625
