Wall time,Step,Value
1711111212.6730661,4,235.55661010742188
