Wall time,Step,Value
1710948113.115926,1,320.8877258300781
1710948143.5840054,2,320.2888488769531
1710948171.7956638,4,300.4552001953125
