Wall time,Step,Value
1710946146.948421,4,324.5321960449219
1710946175.1261778,64,324.16741943359375
1710946207.214238,128,318.89794921875
1710946235.0003965,512,155.23684692382812
