Wall time,Step,Value
1710901638.8390331,2,201.82464599609375
1710901673.085542,4,203.2149658203125
1710901706.3427837,8,208.5216064453125
1710901740.8918245,16,245.89190673828125
