Wall time,Step,Value
1710781297.6227667,4,326.3734436035156
1710781337.5042863,64,323.4613342285156
1710781378.8097134,128,318.1971130371094
1710781409.0767667,512,150.37852478027344
