Wall time,Step,Value
1710882159.935988,4,200.2841796875
1710882192.434004,32,197.82518005371094
1710882204.3589423,128,174.99717712402344
1710882215.9989538,256,131.89877319335938
